,video_id,video_url,trending_position,trending_date,trending_datetime
0,2FcDNi1HkfI,https://youtu.be/2FcDNi1HkfI,1,2023-01-01,2023-01-01 16:24:02
1,2OhPw-aib6E,https://youtu.be/2OhPw-aib6E,2,2023-01-01,2023-01-01 16:24:02
2,RvYkeTmM1gc,https://youtu.be/RvYkeTmM1gc,3,2023-01-01,2023-01-01 16:24:02
3,skO_bVXMWzU,https://youtu.be/skO_bVXMWzU,4,2023-01-01,2023-01-01 16:24:02
4,n_DtpY9wbGg,https://youtu.be/n_DtpY9wbGg,5,2023-01-01,2023-01-01 16:24:02
5,CAPfNrxklig,https://youtu.be/CAPfNrxklig,6,2023-01-01,2023-01-01 16:24:02
6,l_QF_syGIdA,https://youtu.be/l_QF_syGIdA,7,2023-01-01,2023-01-01 16:24:02
7,hIrAsMmlQzg,https://youtu.be/hIrAsMmlQzg,8,2023-01-01,2023-01-01 16:24:02
8,3De85H5BeNg,https://youtu.be/3De85H5BeNg,9,2023-01-01,2023-01-01 16:24:02
9,5Ax6c7BaxDc,https://youtu.be/5Ax6c7BaxDc,10,2023-01-01,2023-01-01 16:24:02
10,3tApQl8ZTYU,https://youtu.be/3tApQl8ZTYU,11,2023-01-01,2023-01-01 16:24:02
11,59jFkJ5_hi4,https://youtu.be/59jFkJ5_hi4,12,2023-01-01,2023-01-01 16:24:02
12,mHqfETyDblY,https://youtu.be/mHqfETyDblY,13,2023-01-01,2023-01-01 16:24:02
13,EwAcsFa88aY,https://youtu.be/EwAcsFa88aY,14,2023-01-01,2023-01-01 16:24:02
14,nVWndqvwz3Y,https://youtu.be/nVWndqvwz3Y,15,2023-01-01,2023-01-01 16:24:02
15,_dFdTaxjFjc,https://youtu.be/_dFdTaxjFjc,16,2023-01-01,2023-01-01 16:24:02
16,5Z5xKSDQy5w,https://youtu.be/5Z5xKSDQy5w,17,2023-01-01,2023-01-01 16:24:02
17,xGd_HhPYX4A,https://youtu.be/xGd_HhPYX4A,18,2023-01-01,2023-01-01 16:24:02
18,tI3XBVrglEY,https://youtu.be/tI3XBVrglEY,19,2023-01-01,2023-01-01 16:24:02
19,WaQMD3sYZiw,https://youtu.be/WaQMD3sYZiw,20,2023-01-01,2023-01-01 16:24:02
20,p35FvoNb1gc,https://youtu.be/p35FvoNb1gc,21,2023-01-01,2023-01-01 16:24:02
21,aiPmQIMxlKs,https://youtu.be/aiPmQIMxlKs,22,2023-01-01,2023-01-01 16:24:02
22,d6qLKrqcLKo,https://youtu.be/d6qLKrqcLKo,23,2023-01-01,2023-01-01 16:24:02
23,OHL9uYzLEJ0,https://youtu.be/OHL9uYzLEJ0,24,2023-01-01,2023-01-01 16:24:02
24,6eLnnZnXcX8,https://youtu.be/6eLnnZnXcX8,25,2023-01-01,2023-01-01 16:24:02
25,DJ2VQ1xb9wA,https://youtu.be/DJ2VQ1xb9wA,26,2023-01-01,2023-01-01 16:24:02
26,gKgSvAyPFlU,https://youtu.be/gKgSvAyPFlU,27,2023-01-01,2023-01-01 16:24:02
27,NAOp7yYhdIo,https://youtu.be/NAOp7yYhdIo,28,2023-01-01,2023-01-01 16:24:02
28,Lbdij5Vi8oY,https://youtu.be/Lbdij5Vi8oY,29,2023-01-01,2023-01-01 16:24:02
29,0LwcvjNJTuM,https://youtu.be/0LwcvjNJTuM,30,2023-01-01,2023-01-01 16:24:02
30,dLBsBI8Amgk,https://youtu.be/dLBsBI8Amgk,31,2023-01-01,2023-01-01 16:24:02
31,BNO6DjteidM,https://youtu.be/BNO6DjteidM,32,2023-01-01,2023-01-01 16:24:02
32,Y3DuN1P2ReE,https://youtu.be/Y3DuN1P2ReE,33,2023-01-01,2023-01-01 16:24:02
33,YuAljYjzlhs,https://youtu.be/YuAljYjzlhs,34,2023-01-01,2023-01-01 16:24:02
34,PrTjK0_m7iw,https://youtu.be/PrTjK0_m7iw,35,2023-01-01,2023-01-01 16:24:02
35,SszP3hlQ55Y,https://youtu.be/SszP3hlQ55Y,36,2023-01-01,2023-01-01 16:24:02
36,nfmyztbpJ7Y,https://youtu.be/nfmyztbpJ7Y,37,2023-01-01,2023-01-01 16:24:02
37,0GVQX3D3V5c,https://youtu.be/0GVQX3D3V5c,38,2023-01-01,2023-01-01 16:24:02
38,uewA-r_tQck,https://youtu.be/uewA-r_tQck,39,2023-01-01,2023-01-01 16:24:02
39,sW0jQyscPCM,https://youtu.be/sW0jQyscPCM,40,2023-01-01,2023-01-01 16:24:02
40,bkwdT00mAb4,https://youtu.be/bkwdT00mAb4,41,2023-01-01,2023-01-01 16:24:02
41,frOae2oPLM8,https://youtu.be/frOae2oPLM8,42,2023-01-01,2023-01-01 16:24:02
42,Km71Rr9K-Bw,https://youtu.be/Km71Rr9K-Bw,43,2023-01-01,2023-01-01 16:24:02
43,mic1W-HzOX8,https://youtu.be/mic1W-HzOX8,44,2023-01-01,2023-01-01 16:24:02
44,8zYIvZ06Lks,https://youtu.be/8zYIvZ06Lks,45,2023-01-01,2023-01-01 16:24:02
45,qJ3I03PuWxs,https://youtu.be/qJ3I03PuWxs,46,2023-01-01,2023-01-01 16:24:02
46,teEhI0BCylE,https://youtu.be/teEhI0BCylE,47,2023-01-01,2023-01-01 16:24:02
47,w6eqbCLinB4,https://youtu.be/w6eqbCLinB4,48,2023-01-01,2023-01-01 16:24:02
48,GDTl8QYuzp4,https://youtu.be/GDTl8QYuzp4,49,2023-01-01,2023-01-01 16:24:02
49,mNhqm6bKUf0,https://youtu.be/mNhqm6bKUf0,50,2023-01-01,2023-01-01 16:24:02
50,YxkIq8kdjQU,https://youtu.be/YxkIq8kdjQU,51,2023-01-01,2023-01-01 16:24:02
51,FtzRP0fycII,https://youtu.be/FtzRP0fycII,52,2023-01-01,2023-01-01 16:24:02
52,KivZieyf3b0,https://youtu.be/KivZieyf3b0,57,2023-01-01,2023-01-01 16:24:02
53,pc75o6oSUHg,https://youtu.be/pc75o6oSUHg,59,2023-01-01,2023-01-01 16:24:02
54,AZ1-yVcUnjo,https://youtu.be/AZ1-yVcUnjo,60,2023-01-01,2023-01-01 16:24:02
55,BqucGvLxrEk,https://youtu.be/BqucGvLxrEk,62,2023-01-01,2023-01-01 16:24:02
56,K6P8wymUryI,https://youtu.be/K6P8wymUryI,64,2023-01-01,2023-01-01 16:24:02
57,rFuFLGsC8Kw,https://youtu.be/rFuFLGsC8Kw,65,2023-01-01,2023-01-01 16:24:02
58,YxWlaYCA8MU,https://youtu.be/YxWlaYCA8MU,66,2023-01-01,2023-01-01 16:24:02
59,FPdPjTmqLBA,https://youtu.be/FPdPjTmqLBA,70,2023-01-01,2023-01-01 16:24:02
60,oyRdueU-IrY,https://youtu.be/oyRdueU-IrY,71,2023-01-01,2023-01-01 16:24:02
61,7IKab3HcfFk,https://youtu.be/7IKab3HcfFk,72,2023-01-01,2023-01-01 16:24:02
62,mnacJa858Bc,https://youtu.be/mnacJa858Bc,74,2023-01-01,2023-01-01 16:24:02
63,eWYSOSy8OhM,https://youtu.be/eWYSOSy8OhM,77,2023-01-01,2023-01-01 16:24:02
64,Y5pBkYb0jSw,https://youtu.be/Y5pBkYb0jSw,84,2023-01-01,2023-01-01 16:24:02
65,LmAG8-V_WQY,https://youtu.be/LmAG8-V_WQY,85,2023-01-01,2023-01-01 16:24:02
66,oN9GpYnkTV0,https://youtu.be/oN9GpYnkTV0,86,2023-01-01,2023-01-01 16:24:02
67,n1IVV66I4PU,https://youtu.be/n1IVV66I4PU,87,2023-01-01,2023-01-01 16:24:02
68,JIS3wNkQ_UE,https://youtu.be/JIS3wNkQ_UE,90,2023-01-01,2023-01-01 16:24:02
69,VSvtZgy9WSQ,https://youtu.be/VSvtZgy9WSQ,93,2023-01-01,2023-01-01 16:24:02
70,C3Kldbjzme8,https://youtu.be/C3Kldbjzme8,95,2023-01-01,2023-01-01 16:24:02
71,_ps-eYat1WI,https://youtu.be/_ps-eYat1WI,96,2023-01-01,2023-01-01 16:24:02
0,2FcDNi1HkfI,https://youtu.be/2FcDNi1HkfI,1,2023-01-02,2023-01-02 12:18:23
1,j27vC2ByxBE,https://youtu.be/j27vC2ByxBE,2,2023-01-02,2023-01-02 12:18:23
2,EOWP5Y7eErE,https://youtu.be/EOWP5Y7eErE,3,2023-01-02,2023-01-02 12:18:23
3,RvYkeTmM1gc,https://youtu.be/RvYkeTmM1gc,4,2023-01-02,2023-01-02 12:18:23
4,PEfa1aoT2VY,https://youtu.be/PEfa1aoT2VY,5,2023-01-02,2023-01-02 12:18:23
5,S9LwOlagLKE,https://youtu.be/S9LwOlagLKE,6,2023-01-02,2023-01-02 12:18:23
6,7vZOuClmaxk,https://youtu.be/7vZOuClmaxk,7,2023-01-02,2023-01-02 12:18:23
7,2OhPw-aib6E,https://youtu.be/2OhPw-aib6E,8,2023-01-02,2023-01-02 12:18:23
8,skO_bVXMWzU,https://youtu.be/skO_bVXMWzU,9,2023-01-02,2023-01-02 12:18:23
9,QdOzKF-kqik,https://youtu.be/QdOzKF-kqik,10,2023-01-02,2023-01-02 12:18:23
10,7x-aIUvFjGs,https://youtu.be/7x-aIUvFjGs,11,2023-01-02,2023-01-02 12:18:23
11,GcPvoUaCDfE,https://youtu.be/GcPvoUaCDfE,12,2023-01-02,2023-01-02 12:18:23
12,SEdAFDl_2g4,https://youtu.be/SEdAFDl_2g4,13,2023-01-02,2023-01-02 12:18:23
13,8DNLvMTxhb8,https://youtu.be/8DNLvMTxhb8,14,2023-01-02,2023-01-02 12:18:23
14,tUCT82t1Y8Q,https://youtu.be/tUCT82t1Y8Q,15,2023-01-02,2023-01-02 12:18:23
15,uFpjD8qI79k,https://youtu.be/uFpjD8qI79k,16,2023-01-02,2023-01-02 12:18:23
16,SakPgFUP7s8,https://youtu.be/SakPgFUP7s8,17,2023-01-02,2023-01-02 12:18:23
17,AwGsSvOwqd8,https://youtu.be/AwGsSvOwqd8,18,2023-01-02,2023-01-02 12:18:23
18,97ICETWIrW8,https://youtu.be/97ICETWIrW8,19,2023-01-02,2023-01-02 12:18:23
19,n_DtpY9wbGg,https://youtu.be/n_DtpY9wbGg,20,2023-01-02,2023-01-02 12:18:23
20,jxYsobC-44E,https://youtu.be/jxYsobC-44E,21,2023-01-02,2023-01-02 12:18:23
21,hIrAsMmlQzg,https://youtu.be/hIrAsMmlQzg,22,2023-01-02,2023-01-02 12:18:23
22,CAPfNrxklig,https://youtu.be/CAPfNrxklig,23,2023-01-02,2023-01-02 12:18:23
23,rb5M3SP3--o,https://youtu.be/rb5M3SP3--o,24,2023-01-02,2023-01-02 12:18:23
24,x7-d2R2PlpQ,https://youtu.be/x7-d2R2PlpQ,25,2023-01-02,2023-01-02 12:18:23
25,epKRJ6xSZWo,https://youtu.be/epKRJ6xSZWo,26,2023-01-02,2023-01-02 12:18:23
26,l_QF_syGIdA,https://youtu.be/l_QF_syGIdA,27,2023-01-02,2023-01-02 12:18:23
27,3De85H5BeNg,https://youtu.be/3De85H5BeNg,28,2023-01-02,2023-01-02 12:18:23
28,3tApQl8ZTYU,https://youtu.be/3tApQl8ZTYU,29,2023-01-02,2023-01-02 12:18:23
29,5Ax6c7BaxDc,https://youtu.be/5Ax6c7BaxDc,30,2023-01-02,2023-01-02 12:18:23
30,veJNTfp4Ie8,https://youtu.be/veJNTfp4Ie8,31,2023-01-02,2023-01-02 12:18:23
31,xHQU0E4sDWc,https://youtu.be/xHQU0E4sDWc,32,2023-01-02,2023-01-02 12:18:23
32,1HKmnriYImE,https://youtu.be/1HKmnriYImE,33,2023-01-02,2023-01-02 12:18:23
33,_dFdTaxjFjc,https://youtu.be/_dFdTaxjFjc,34,2023-01-02,2023-01-02 12:18:23
34,nVWndqvwz3Y,https://youtu.be/nVWndqvwz3Y,35,2023-01-02,2023-01-02 12:18:23
35,EwAcsFa88aY,https://youtu.be/EwAcsFa88aY,36,2023-01-02,2023-01-02 12:18:23
36,5Z5xKSDQy5w,https://youtu.be/5Z5xKSDQy5w,37,2023-01-02,2023-01-02 12:18:23
37,tI3XBVrglEY,https://youtu.be/tI3XBVrglEY,38,2023-01-02,2023-01-02 12:18:23
38,xGd_HhPYX4A,https://youtu.be/xGd_HhPYX4A,39,2023-01-02,2023-01-02 12:18:23
39,WaQMD3sYZiw,https://youtu.be/WaQMD3sYZiw,40,2023-01-02,2023-01-02 12:18:23
40,p35FvoNb1gc,https://youtu.be/p35FvoNb1gc,41,2023-01-02,2023-01-02 12:18:23
41,d6qLKrqcLKo,https://youtu.be/d6qLKrqcLKo,42,2023-01-02,2023-01-02 12:18:23
42,aiPmQIMxlKs,https://youtu.be/aiPmQIMxlKs,43,2023-01-02,2023-01-02 12:18:23
43,OHL9uYzLEJ0,https://youtu.be/OHL9uYzLEJ0,44,2023-01-02,2023-01-02 12:18:23
44,NAOp7yYhdIo,https://youtu.be/NAOp7yYhdIo,45,2023-01-02,2023-01-02 12:18:23
45,gKgSvAyPFlU,https://youtu.be/gKgSvAyPFlU,46,2023-01-02,2023-01-02 12:18:23
46,DJ2VQ1xb9wA,https://youtu.be/DJ2VQ1xb9wA,47,2023-01-02,2023-01-02 12:18:23
47,6eLnnZnXcX8,https://youtu.be/6eLnnZnXcX8,48,2023-01-02,2023-01-02 12:18:23
48,0LwcvjNJTuM,https://youtu.be/0LwcvjNJTuM,49,2023-01-02,2023-01-02 12:18:23
49,Lbdij5Vi8oY,https://youtu.be/Lbdij5Vi8oY,50,2023-01-02,2023-01-02 12:18:23
50,qJ3I03PuWxs,https://youtu.be/qJ3I03PuWxs,52,2023-01-02,2023-01-02 12:18:23
51,FtzRP0fycII,https://youtu.be/FtzRP0fycII,53,2023-01-02,2023-01-02 12:18:23
52,YxkIq8kdjQU,https://youtu.be/YxkIq8kdjQU,56,2023-01-02,2023-01-02 12:18:23
53,KivZieyf3b0,https://youtu.be/KivZieyf3b0,57,2023-01-02,2023-01-02 12:18:23
54,YuAljYjzlhs,https://youtu.be/YuAljYjzlhs,61,2023-01-02,2023-01-02 12:18:23
55,BqucGvLxrEk,https://youtu.be/BqucGvLxrEk,64,2023-01-02,2023-01-02 12:18:23
56,rFuFLGsC8Kw,https://youtu.be/rFuFLGsC8Kw,65,2023-01-02,2023-01-02 12:18:23
57,YxWlaYCA8MU,https://youtu.be/YxWlaYCA8MU,67,2023-01-02,2023-01-02 12:18:23
58,K6P8wymUryI,https://youtu.be/K6P8wymUryI,68,2023-01-02,2023-01-02 12:18:23
59,FPdPjTmqLBA,https://youtu.be/FPdPjTmqLBA,73,2023-01-02,2023-01-02 12:18:23
60,7IKab3HcfFk,https://youtu.be/7IKab3HcfFk,75,2023-01-02,2023-01-02 12:18:23
61,oyRdueU-IrY,https://youtu.be/oyRdueU-IrY,76,2023-01-02,2023-01-02 12:18:23
62,SszP3hlQ55Y,https://youtu.be/SszP3hlQ55Y,77,2023-01-02,2023-01-02 12:18:23
63,mnacJa858Bc,https://youtu.be/mnacJa858Bc,78,2023-01-02,2023-01-02 12:18:23
64,eWYSOSy8OhM,https://youtu.be/eWYSOSy8OhM,81,2023-01-02,2023-01-02 12:18:23
65,teEhI0BCylE,https://youtu.be/teEhI0BCylE,86,2023-01-02,2023-01-02 12:18:23
66,LmAG8-V_WQY,https://youtu.be/LmAG8-V_WQY,87,2023-01-02,2023-01-02 12:18:23
67,59jFkJ5_hi4,https://youtu.be/59jFkJ5_hi4,88,2023-01-02,2023-01-02 12:18:23
68,VSvtZgy9WSQ,https://youtu.be/VSvtZgy9WSQ,89,2023-01-02,2023-01-02 12:18:23
69,Y5pBkYb0jSw,https://youtu.be/Y5pBkYb0jSw,90,2023-01-02,2023-01-02 12:18:23
70,n1IVV66I4PU,https://youtu.be/n1IVV66I4PU,91,2023-01-02,2023-01-02 12:18:23
71,Y3DuN1P2ReE,https://youtu.be/Y3DuN1P2ReE,92,2023-01-02,2023-01-02 12:18:23
72,oN9GpYnkTV0,https://youtu.be/oN9GpYnkTV0,94,2023-01-02,2023-01-02 12:18:23
0,nNh26gSbSB8,https://youtu.be/nNh26gSbSB8,1,2023-01-03,2023-01-03 19:39:20
1,XHegE9h0ZvA,https://youtu.be/XHegE9h0ZvA,2,2023-01-03,2023-01-03 19:39:20
2,EDjJ-tMLXSI,https://youtu.be/EDjJ-tMLXSI,3,2023-01-03,2023-01-03 19:39:20
3,dlkG7LQJjY0,https://youtu.be/dlkG7LQJjY0,4,2023-01-03,2023-01-03 19:39:20
4,PpznJj8ZXMY,https://youtu.be/PpznJj8ZXMY,5,2023-01-03,2023-01-03 19:39:20
5,66hWntvp0_4,https://youtu.be/66hWntvp0_4,6,2023-01-03,2023-01-03 19:39:20
6,tsSEo-2l3cY,https://youtu.be/tsSEo-2l3cY,7,2023-01-03,2023-01-03 19:39:20
7,2FcDNi1HkfI,https://youtu.be/2FcDNi1HkfI,8,2023-01-03,2023-01-03 19:39:20
8,UjFCJir0YQk,https://youtu.be/UjFCJir0YQk,9,2023-01-03,2023-01-03 19:39:20
9,e6ZZeaDcwyI,https://youtu.be/e6ZZeaDcwyI,10,2023-01-03,2023-01-03 19:39:20
10,_ZAgIHmHLdc,https://youtu.be/_ZAgIHmHLdc,11,2023-01-03,2023-01-03 19:39:20
11,UYBFMfWWBC8,https://youtu.be/UYBFMfWWBC8,12,2023-01-03,2023-01-03 19:39:20
12,56MhtcapOec,https://youtu.be/56MhtcapOec,13,2023-01-03,2023-01-03 19:39:20
13,UgIZ5c5Pl3w,https://youtu.be/UgIZ5c5Pl3w,14,2023-01-03,2023-01-03 19:39:20
14,zSsmsYCxxEE,https://youtu.be/zSsmsYCxxEE,15,2023-01-03,2023-01-03 19:39:20
15,UnN7EBfv1Y8,https://youtu.be/UnN7EBfv1Y8,16,2023-01-03,2023-01-03 19:39:20
16,PR715VHT8LE,https://youtu.be/PR715VHT8LE,17,2023-01-03,2023-01-03 19:39:20
17,zkQ5bNLFYJQ,https://youtu.be/zkQ5bNLFYJQ,18,2023-01-03,2023-01-03 19:39:20
18,TaROjJZuPUw,https://youtu.be/TaROjJZuPUw,19,2023-01-03,2023-01-03 19:39:20
19,wJ-DfPhmXZ4,https://youtu.be/wJ-DfPhmXZ4,20,2023-01-03,2023-01-03 19:39:20
20,R87xqomuyHw,https://youtu.be/R87xqomuyHw,21,2023-01-03,2023-01-03 19:39:20
21,PdGjALtkXn0,https://youtu.be/PdGjALtkXn0,22,2023-01-03,2023-01-03 19:39:20
22,ZNxivk51eko,https://youtu.be/ZNxivk51eko,23,2023-01-03,2023-01-03 19:39:20
23,S9LwOlagLKE,https://youtu.be/S9LwOlagLKE,24,2023-01-03,2023-01-03 19:39:20
24,yKeLk2BstYM,https://youtu.be/yKeLk2BstYM,25,2023-01-03,2023-01-03 19:39:20
25,j27vC2ByxBE,https://youtu.be/j27vC2ByxBE,26,2023-01-03,2023-01-03 19:39:20
26,EOWP5Y7eErE,https://youtu.be/EOWP5Y7eErE,27,2023-01-03,2023-01-03 19:39:20
27,s473o7fbErM,https://youtu.be/s473o7fbErM,28,2023-01-03,2023-01-03 19:39:20
28,1Iva6FCUQn8,https://youtu.be/1Iva6FCUQn8,29,2023-01-03,2023-01-03 19:39:20
29,RvYkeTmM1gc,https://youtu.be/RvYkeTmM1gc,30,2023-01-03,2023-01-03 19:39:20
30,y7ytQiy-1gw,https://youtu.be/y7ytQiy-1gw,31,2023-01-03,2023-01-03 19:39:20
31,Si8XPw1Z9PE,https://youtu.be/Si8XPw1Z9PE,32,2023-01-03,2023-01-03 19:39:20
32,_cLsK2YZwDU,https://youtu.be/_cLsK2YZwDU,33,2023-01-03,2023-01-03 19:39:20
33,GPzUoZ2WJK0,https://youtu.be/GPzUoZ2WJK0,34,2023-01-03,2023-01-03 19:39:20
34,c3pbe3qzatQ,https://youtu.be/c3pbe3qzatQ,35,2023-01-03,2023-01-03 19:39:20
35,keHB2NszDpM,https://youtu.be/keHB2NszDpM,36,2023-01-03,2023-01-03 19:39:20
36,SEdAFDl_2g4,https://youtu.be/SEdAFDl_2g4,37,2023-01-03,2023-01-03 19:39:20
37,PEfa1aoT2VY,https://youtu.be/PEfa1aoT2VY,38,2023-01-03,2023-01-03 19:39:20
38,_3Wah0P7uBM,https://youtu.be/_3Wah0P7uBM,39,2023-01-03,2023-01-03 19:39:20
39,3vhPraFZxCc,https://youtu.be/3vhPraFZxCc,40,2023-01-03,2023-01-03 19:39:20
40,7vZOuClmaxk,https://youtu.be/7vZOuClmaxk,41,2023-01-03,2023-01-03 19:39:20
41,p6jXi7wDFIY,https://youtu.be/p6jXi7wDFIY,42,2023-01-03,2023-01-03 19:39:20
42,QdOzKF-kqik,https://youtu.be/QdOzKF-kqik,43,2023-01-03,2023-01-03 19:39:20
43,7x-aIUvFjGs,https://youtu.be/7x-aIUvFjGs,44,2023-01-03,2023-01-03 19:39:20
44,uFpjD8qI79k,https://youtu.be/uFpjD8qI79k,45,2023-01-03,2023-01-03 19:39:20
45,naQ0RuXB3fI,https://youtu.be/naQ0RuXB3fI,46,2023-01-03,2023-01-03 19:39:20
46,tUCT82t1Y8Q,https://youtu.be/tUCT82t1Y8Q,47,2023-01-03,2023-01-03 19:39:20
47,8DNLvMTxhb8,https://youtu.be/8DNLvMTxhb8,48,2023-01-03,2023-01-03 19:39:20
48,SakPgFUP7s8,https://youtu.be/SakPgFUP7s8,49,2023-01-03,2023-01-03 19:39:20
49,skO_bVXMWzU,https://youtu.be/skO_bVXMWzU,50,2023-01-03,2023-01-03 19:39:20
50,2OhPw-aib6E,https://youtu.be/2OhPw-aib6E,51,2023-01-03,2023-01-03 19:39:20
51,7IKab3HcfFk,https://youtu.be/7IKab3HcfFk,54,2023-01-03,2023-01-03 19:39:20
52,qJ3I03PuWxs,https://youtu.be/qJ3I03PuWxs,55,2023-01-03,2023-01-03 19:39:20
53,CAPfNrxklig,https://youtu.be/CAPfNrxklig,57,2023-01-03,2023-01-03 19:39:20
54,3tApQl8ZTYU,https://youtu.be/3tApQl8ZTYU,58,2023-01-03,2023-01-03 19:39:20
55,p35FvoNb1gc,https://youtu.be/p35FvoNb1gc,60,2023-01-03,2023-01-03 19:39:20
56,n_DtpY9wbGg,https://youtu.be/n_DtpY9wbGg,61,2023-01-03,2023-01-03 19:39:20
57,EwAcsFa88aY,https://youtu.be/EwAcsFa88aY,62,2023-01-03,2023-01-03 19:39:20
58,AwGsSvOwqd8,https://youtu.be/AwGsSvOwqd8,63,2023-01-03,2023-01-03 19:39:20
59,FtzRP0fycII,https://youtu.be/FtzRP0fycII,64,2023-01-03,2023-01-03 19:39:20
60,5Z5xKSDQy5w,https://youtu.be/5Z5xKSDQy5w,65,2023-01-03,2023-01-03 19:39:20
61,YuAljYjzlhs,https://youtu.be/YuAljYjzlhs,69,2023-01-03,2023-01-03 19:39:20
62,KivZieyf3b0,https://youtu.be/KivZieyf3b0,70,2023-01-03,2023-01-03 19:39:20
63,rFuFLGsC8Kw,https://youtu.be/rFuFLGsC8Kw,71,2023-01-03,2023-01-03 19:39:20
64,5Ax6c7BaxDc,https://youtu.be/5Ax6c7BaxDc,73,2023-01-03,2023-01-03 19:39:20
65,tI3XBVrglEY,https://youtu.be/tI3XBVrglEY,74,2023-01-03,2023-01-03 19:39:20
66,YxkIq8kdjQU,https://youtu.be/YxkIq8kdjQU,75,2023-01-03,2023-01-03 19:39:20
67,YxWlaYCA8MU,https://youtu.be/YxWlaYCA8MU,76,2023-01-03,2023-01-03 19:39:20
68,BqucGvLxrEk,https://youtu.be/BqucGvLxrEk,77,2023-01-03,2023-01-03 19:39:20
69,OHL9uYzLEJ0,https://youtu.be/OHL9uYzLEJ0,79,2023-01-03,2023-01-03 19:39:20
70,K6P8wymUryI,https://youtu.be/K6P8wymUryI,80,2023-01-03,2023-01-03 19:39:20
71,SszP3hlQ55Y,https://youtu.be/SszP3hlQ55Y,81,2023-01-03,2023-01-03 19:39:20
72,l_QF_syGIdA,https://youtu.be/l_QF_syGIdA,83,2023-01-03,2023-01-03 19:39:20
73,FPdPjTmqLBA,https://youtu.be/FPdPjTmqLBA,85,2023-01-03,2023-01-03 19:39:20
74,d6qLKrqcLKo,https://youtu.be/d6qLKrqcLKo,86,2023-01-03,2023-01-03 19:39:20
75,3De85H5BeNg,https://youtu.be/3De85H5BeNg,87,2023-01-03,2023-01-03 19:39:20
76,oyRdueU-IrY,https://youtu.be/oyRdueU-IrY,90,2023-01-03,2023-01-03 19:39:20
77,x7-d2R2PlpQ,https://youtu.be/x7-d2R2PlpQ,93,2023-01-03,2023-01-03 19:39:20
78,mnacJa858Bc,https://youtu.be/mnacJa858Bc,94,2023-01-03,2023-01-03 19:39:20
79,DJ2VQ1xb9wA,https://youtu.be/DJ2VQ1xb9wA,95,2023-01-03,2023-01-03 19:39:20
80,gKgSvAyPFlU,https://youtu.be/gKgSvAyPFlU,96,2023-01-03,2023-01-03 19:39:20
81,eWYSOSy8OhM,https://youtu.be/eWYSOSy8OhM,97,2023-01-03,2023-01-03 19:39:20
0,knyDVKBS0gM,https://youtu.be/knyDVKBS0gM,1,2023-01-04,2023-01-04 20:36:11
1,AcL6bRdbO-4,https://youtu.be/AcL6bRdbO-4,2,2023-01-04,2023-01-04 20:36:11
2,aUcijnAksAI,https://youtu.be/aUcijnAksAI,3,2023-01-04,2023-01-04 20:36:11
3,sZPmrnAiPd8,https://youtu.be/sZPmrnAiPd8,4,2023-01-04,2023-01-04 20:36:11
4,2Q3wNmHECZs,https://youtu.be/2Q3wNmHECZs,5,2023-01-04,2023-01-04 20:36:11
5,X1X8KzdKHyY,https://youtu.be/X1X8KzdKHyY,6,2023-01-04,2023-01-04 20:36:11
6,ixxeinSFfVE,https://youtu.be/ixxeinSFfVE,7,2023-01-04,2023-01-04 20:36:11
7,3qUMtTcIWpM,https://youtu.be/3qUMtTcIWpM,8,2023-01-04,2023-01-04 20:36:11
8,XHegE9h0ZvA,https://youtu.be/XHegE9h0ZvA,9,2023-01-04,2023-01-04 20:36:11
9,3OxedmtyahI,https://youtu.be/3OxedmtyahI,10,2023-01-04,2023-01-04 20:36:11
10,TWAlZB_h3XQ,https://youtu.be/TWAlZB_h3XQ,11,2023-01-04,2023-01-04 20:36:11
11,R8L0szRdcVc,https://youtu.be/R8L0szRdcVc,12,2023-01-04,2023-01-04 20:36:11
12,EXv60M6TbKs,https://youtu.be/EXv60M6TbKs,13,2023-01-04,2023-01-04 20:36:11
13,4L7lorjoDqU,https://youtu.be/4L7lorjoDqU,14,2023-01-04,2023-01-04 20:36:11
14,TcYi86NKsGI,https://youtu.be/TcYi86NKsGI,15,2023-01-04,2023-01-04 20:36:11
15,Na_lRUR51_A,https://youtu.be/Na_lRUR51_A,16,2023-01-04,2023-01-04 20:36:11
16,4jVazlBDJtg,https://youtu.be/4jVazlBDJtg,17,2023-01-04,2023-01-04 20:36:11
17,4weFxATBEiY,https://youtu.be/4weFxATBEiY,18,2023-01-04,2023-01-04 20:36:11
18,aJprjA8m1pQ,https://youtu.be/aJprjA8m1pQ,19,2023-01-04,2023-01-04 20:36:11
19,3-ejgwq7v3c,https://youtu.be/3-ejgwq7v3c,20,2023-01-04,2023-01-04 20:36:11
20,yaKtOfTowY0,https://youtu.be/yaKtOfTowY0,21,2023-01-04,2023-01-04 20:36:11
21,7pD4r4d8kUQ,https://youtu.be/7pD4r4d8kUQ,22,2023-01-04,2023-01-04 20:36:11
22,YM3trB-pLyY,https://youtu.be/YM3trB-pLyY,23,2023-01-04,2023-01-04 20:36:11
23,NbI57nJsAkU,https://youtu.be/NbI57nJsAkU,24,2023-01-04,2023-01-04 20:36:11
24,PpznJj8ZXMY,https://youtu.be/PpznJj8ZXMY,25,2023-01-04,2023-01-04 20:36:11
25,EDjJ-tMLXSI,https://youtu.be/EDjJ-tMLXSI,26,2023-01-04,2023-01-04 20:36:11
26,HqkNgvYxo9c,https://youtu.be/HqkNgvYxo9c,27,2023-01-04,2023-01-04 20:36:11
27,NRmg_G70UZE,https://youtu.be/NRmg_G70UZE,28,2023-01-04,2023-01-04 20:36:11
28,QdEdYfxMx-0,https://youtu.be/QdEdYfxMx-0,29,2023-01-04,2023-01-04 20:36:11
29,Zm1VIGNmPxI,https://youtu.be/Zm1VIGNmPxI,30,2023-01-04,2023-01-04 20:36:11
30,675ZHLojhq0,https://youtu.be/675ZHLojhq0,31,2023-01-04,2023-01-04 20:36:11
31,4FxC7ZJqB_Q,https://youtu.be/4FxC7ZJqB_Q,32,2023-01-04,2023-01-04 20:36:11
32,LUlDUYmTFCQ,https://youtu.be/LUlDUYmTFCQ,33,2023-01-04,2023-01-04 20:36:11
33,66hWntvp0_4,https://youtu.be/66hWntvp0_4,34,2023-01-04,2023-01-04 20:36:11
34,nKjf3GQ03r8,https://youtu.be/nKjf3GQ03r8,35,2023-01-04,2023-01-04 20:36:11
35,dlkG7LQJjY0,https://youtu.be/dlkG7LQJjY0,36,2023-01-04,2023-01-04 20:36:11
36,Ry_3icwd68o,https://youtu.be/Ry_3icwd68o,37,2023-01-04,2023-01-04 20:36:11
37,PoYXDNaRJJg,https://youtu.be/PoYXDNaRJJg,38,2023-01-04,2023-01-04 20:36:11
38,TnDSd1YpCA8,https://youtu.be/TnDSd1YpCA8,39,2023-01-04,2023-01-04 20:36:11
39,KAMG9zByK2I,https://youtu.be/KAMG9zByK2I,40,2023-01-04,2023-01-04 20:36:11
40,zSsmsYCxxEE,https://youtu.be/zSsmsYCxxEE,41,2023-01-04,2023-01-04 20:36:11
41,PR715VHT8LE,https://youtu.be/PR715VHT8LE,42,2023-01-04,2023-01-04 20:36:11
42,2FcDNi1HkfI,https://youtu.be/2FcDNi1HkfI,43,2023-01-04,2023-01-04 20:36:11
43,UYBFMfWWBC8,https://youtu.be/UYBFMfWWBC8,44,2023-01-04,2023-01-04 20:36:11
44,XerZZ2gbY38,https://youtu.be/XerZZ2gbY38,45,2023-01-04,2023-01-04 20:36:11
45,tsSEo-2l3cY,https://youtu.be/tsSEo-2l3cY,46,2023-01-04,2023-01-04 20:36:11
46,UgIZ5c5Pl3w,https://youtu.be/UgIZ5c5Pl3w,47,2023-01-04,2023-01-04 20:36:11
47,_ZAgIHmHLdc,https://youtu.be/_ZAgIHmHLdc,48,2023-01-04,2023-01-04 20:36:11
48,zkQ5bNLFYJQ,https://youtu.be/zkQ5bNLFYJQ,49,2023-01-04,2023-01-04 20:36:11
49,UjFCJir0YQk,https://youtu.be/UjFCJir0YQk,50,2023-01-04,2023-01-04 20:36:11
50,RvYkeTmM1gc,https://youtu.be/RvYkeTmM1gc,51,2023-01-04,2023-01-04 20:36:11
51,nNh26gSbSB8,https://youtu.be/nNh26gSbSB8,52,2023-01-04,2023-01-04 20:36:11
52,7IKab3HcfFk,https://youtu.be/7IKab3HcfFk,53,2023-01-04,2023-01-04 20:36:11
53,w6eqbCLinB4,https://youtu.be/w6eqbCLinB4,55,2023-01-04,2023-01-04 20:36:11
54,2OhPw-aib6E,https://youtu.be/2OhPw-aib6E,57,2023-01-04,2023-01-04 20:36:11
55,SEdAFDl_2g4,https://youtu.be/SEdAFDl_2g4,58,2023-01-04,2023-01-04 20:36:11
56,YxkIq8kdjQU,https://youtu.be/YxkIq8kdjQU,61,2023-01-04,2023-01-04 20:36:11
57,AwGsSvOwqd8,https://youtu.be/AwGsSvOwqd8,62,2023-01-04,2023-01-04 20:36:11
58,qJ3I03PuWxs,https://youtu.be/qJ3I03PuWxs,63,2023-01-04,2023-01-04 20:36:11
59,CAPfNrxklig,https://youtu.be/CAPfNrxklig,64,2023-01-04,2023-01-04 20:36:11
60,skO_bVXMWzU,https://youtu.be/skO_bVXMWzU,66,2023-01-04,2023-01-04 20:36:11
61,n_DtpY9wbGg,https://youtu.be/n_DtpY9wbGg,67,2023-01-04,2023-01-04 20:36:11
62,p35FvoNb1gc,https://youtu.be/p35FvoNb1gc,68,2023-01-04,2023-01-04 20:36:11
63,3tApQl8ZTYU,https://youtu.be/3tApQl8ZTYU,69,2023-01-04,2023-01-04 20:36:11
64,5Z5xKSDQy5w,https://youtu.be/5Z5xKSDQy5w,70,2023-01-04,2023-01-04 20:36:11
65,EwAcsFa88aY,https://youtu.be/EwAcsFa88aY,71,2023-01-04,2023-01-04 20:36:11
66,EOWP5Y7eErE,https://youtu.be/EOWP5Y7eErE,72,2023-01-04,2023-01-04 20:36:11
67,7vZOuClmaxk,https://youtu.be/7vZOuClmaxk,73,2023-01-04,2023-01-04 20:36:11
68,FtzRP0fycII,https://youtu.be/FtzRP0fycII,74,2023-01-04,2023-01-04 20:36:11
69,5Ax6c7BaxDc,https://youtu.be/5Ax6c7BaxDc,75,2023-01-04,2023-01-04 20:36:11
70,j27vC2ByxBE,https://youtu.be/j27vC2ByxBE,76,2023-01-04,2023-01-04 20:36:11
71,KivZieyf3b0,https://youtu.be/KivZieyf3b0,78,2023-01-04,2023-01-04 20:36:11
72,rFuFLGsC8Kw,https://youtu.be/rFuFLGsC8Kw,80,2023-01-04,2023-01-04 20:36:11
73,YuAljYjzlhs,https://youtu.be/YuAljYjzlhs,81,2023-01-04,2023-01-04 20:36:11
74,tI3XBVrglEY,https://youtu.be/tI3XBVrglEY,82,2023-01-04,2023-01-04 20:36:11
75,YxWlaYCA8MU,https://youtu.be/YxWlaYCA8MU,83,2023-01-04,2023-01-04 20:36:11
76,BqucGvLxrEk,https://youtu.be/BqucGvLxrEk,84,2023-01-04,2023-01-04 20:36:11
77,OHL9uYzLEJ0,https://youtu.be/OHL9uYzLEJ0,85,2023-01-04,2023-01-04 20:36:11
78,SszP3hlQ55Y,https://youtu.be/SszP3hlQ55Y,86,2023-01-04,2023-01-04 20:36:11
79,_3Wah0P7uBM,https://youtu.be/_3Wah0P7uBM,89,2023-01-04,2023-01-04 20:36:11
80,K6P8wymUryI,https://youtu.be/K6P8wymUryI,90,2023-01-04,2023-01-04 20:36:11
81,FPdPjTmqLBA,https://youtu.be/FPdPjTmqLBA,91,2023-01-04,2023-01-04 20:36:11
82,SakPgFUP7s8,https://youtu.be/SakPgFUP7s8,92,2023-01-04,2023-01-04 20:36:11
83,d6qLKrqcLKo,https://youtu.be/d6qLKrqcLKo,93,2023-01-04,2023-01-04 20:36:11
84,l_QF_syGIdA,https://youtu.be/l_QF_syGIdA,94,2023-01-04,2023-01-04 20:36:11
85,p6jXi7wDFIY,https://youtu.be/p6jXi7wDFIY,95,2023-01-04,2023-01-04 20:36:11
86,3vhPraFZxCc,https://youtu.be/3vhPraFZxCc,96,2023-01-04,2023-01-04 20:36:11
87,DJ2VQ1xb9wA,https://youtu.be/DJ2VQ1xb9wA,97,2023-01-04,2023-01-04 20:36:11
0,2F1BTSxDbqE,https://youtu.be/2F1BTSxDbqE,1,2023-01-05,2023-01-05 20:43:56
1,AcL6bRdbO-4,https://youtu.be/AcL6bRdbO-4,2,2023-01-05,2023-01-05 20:43:56
2,knyDVKBS0gM,https://youtu.be/knyDVKBS0gM,3,2023-01-05,2023-01-05 20:43:56
3,Lf42JjhkTd8,https://youtu.be/Lf42JjhkTd8,4,2023-01-05,2023-01-05 20:43:56
4,BDe0Xm3Eac4,https://youtu.be/BDe0Xm3Eac4,5,2023-01-05,2023-01-05 20:43:56
5,BKIYhJSjoYo,https://youtu.be/BKIYhJSjoYo,6,2023-01-05,2023-01-05 20:43:56
6,exuPRq0gJR4,https://youtu.be/exuPRq0gJR4,7,2023-01-05,2023-01-05 20:43:56
7,EYB7NOSY-hI,https://youtu.be/EYB7NOSY-hI,8,2023-01-05,2023-01-05 20:43:56
8,j07lzHEHTDE,https://youtu.be/j07lzHEHTDE,9,2023-01-05,2023-01-05 20:43:56
9,ExxkvCSHKdc,https://youtu.be/ExxkvCSHKdc,10,2023-01-05,2023-01-05 20:43:56
10,OSztZu__b6I,https://youtu.be/OSztZu__b6I,11,2023-01-05,2023-01-05 20:43:56
11,AzXSBDtd2RE,https://youtu.be/AzXSBDtd2RE,12,2023-01-05,2023-01-05 20:43:56
12,nZmDU6z7tqc,https://youtu.be/nZmDU6z7tqc,13,2023-01-05,2023-01-05 20:43:56
13,03lQi8U4c8w,https://youtu.be/03lQi8U4c8w,14,2023-01-05,2023-01-05 20:43:56
14,KQqMUjMlKGo,https://youtu.be/KQqMUjMlKGo,15,2023-01-05,2023-01-05 20:43:56
15,gSgtZQGPh_U,https://youtu.be/gSgtZQGPh_U,16,2023-01-05,2023-01-05 20:43:56
16,7z25ZZ3DHds,https://youtu.be/7z25ZZ3DHds,17,2023-01-05,2023-01-05 20:43:56
17,kh5dN72GTQ8,https://youtu.be/kh5dN72GTQ8,18,2023-01-05,2023-01-05 20:43:56
18,-0XSbf5O1ok,https://youtu.be/-0XSbf5O1ok,19,2023-01-05,2023-01-05 20:43:56
19,_jUYYF0VxwM,https://youtu.be/_jUYYF0VxwM,20,2023-01-05,2023-01-05 20:43:56
20,PGO1l3t9vpo,https://youtu.be/PGO1l3t9vpo,21,2023-01-05,2023-01-05 20:43:56
21,6Q2F8pJDZHI,https://youtu.be/6Q2F8pJDZHI,22,2023-01-05,2023-01-05 20:43:56
22,klGaloSzrvk,https://youtu.be/klGaloSzrvk,23,2023-01-05,2023-01-05 20:43:56
23,-UUSUrr6zyo,https://youtu.be/-UUSUrr6zyo,24,2023-01-05,2023-01-05 20:43:56
24,exK3qY7iP-s,https://youtu.be/exK3qY7iP-s,25,2023-01-05,2023-01-05 20:43:56
25,dq9b25b0hGA,https://youtu.be/dq9b25b0hGA,26,2023-01-05,2023-01-05 20:43:56
26,aUcijnAksAI,https://youtu.be/aUcijnAksAI,27,2023-01-05,2023-01-05 20:43:56
27,hH3zCpRDaIA,https://youtu.be/hH3zCpRDaIA,28,2023-01-05,2023-01-05 20:43:56
28,cDRIzS3sGIU,https://youtu.be/cDRIzS3sGIU,29,2023-01-05,2023-01-05 20:43:56
29,IFrrZ3j8hw4,https://youtu.be/IFrrZ3j8hw4,30,2023-01-05,2023-01-05 20:43:56
30,bi1Lt4Wx2Yo,https://youtu.be/bi1Lt4Wx2Yo,31,2023-01-05,2023-01-05 20:43:56
31,ixxeinSFfVE,https://youtu.be/ixxeinSFfVE,32,2023-01-05,2023-01-05 20:43:56
32,sZPmrnAiPd8,https://youtu.be/sZPmrnAiPd8,33,2023-01-05,2023-01-05 20:43:56
33,94MlE9CxDCU,https://youtu.be/94MlE9CxDCU,34,2023-01-05,2023-01-05 20:43:56
34,M8n9_HgTk-k,https://youtu.be/M8n9_HgTk-k,35,2023-01-05,2023-01-05 20:43:56
35,9wBz0HtzZOk,https://youtu.be/9wBz0HtzZOk,36,2023-01-05,2023-01-05 20:43:56
36,xXW0jorau9k,https://youtu.be/xXW0jorau9k,37,2023-01-05,2023-01-05 20:43:56
37,FCnjMWhCOcA,https://youtu.be/FCnjMWhCOcA,38,2023-01-05,2023-01-05 20:43:56
38,k2KpOjFYlr8,https://youtu.be/k2KpOjFYlr8,39,2023-01-05,2023-01-05 20:43:56
39,2cxcGwDZNWQ,https://youtu.be/2cxcGwDZNWQ,40,2023-01-05,2023-01-05 20:43:56
40,7NlPwg17uC4,https://youtu.be/7NlPwg17uC4,41,2023-01-05,2023-01-05 20:43:56
41,a55UgA28w-Q,https://youtu.be/a55UgA28w-Q,42,2023-01-05,2023-01-05 20:43:56
42,CjiEHCPOmNo,https://youtu.be/CjiEHCPOmNo,43,2023-01-05,2023-01-05 20:43:56
43,T8EIaagNm7I,https://youtu.be/T8EIaagNm7I,44,2023-01-05,2023-01-05 20:43:56
44,UVMcjxW68Bc,https://youtu.be/UVMcjxW68Bc,45,2023-01-05,2023-01-05 20:43:56
45,3qUMtTcIWpM,https://youtu.be/3qUMtTcIWpM,46,2023-01-05,2023-01-05 20:43:56
46,VCL1wi86QNg,https://youtu.be/VCL1wi86QNg,47,2023-01-05,2023-01-05 20:43:56
47,4jVazlBDJtg,https://youtu.be/4jVazlBDJtg,48,2023-01-05,2023-01-05 20:43:56
48,AYXfaVD5o40,https://youtu.be/AYXfaVD5o40,49,2023-01-05,2023-01-05 20:43:56
49,3OxedmtyahI,https://youtu.be/3OxedmtyahI,50,2023-01-05,2023-01-05 20:43:56
50,2FcDNi1HkfI,https://youtu.be/2FcDNi1HkfI,51,2023-01-05,2023-01-05 20:43:56
51,RvYkeTmM1gc,https://youtu.be/RvYkeTmM1gc,52,2023-01-05,2023-01-05 20:43:56
52,7IKab3HcfFk,https://youtu.be/7IKab3HcfFk,53,2023-01-05,2023-01-05 20:43:56
53,66hWntvp0_4,https://youtu.be/66hWntvp0_4,54,2023-01-05,2023-01-05 20:43:56
54,nNh26gSbSB8,https://youtu.be/nNh26gSbSB8,56,2023-01-05,2023-01-05 20:43:56
55,w6eqbCLinB4,https://youtu.be/w6eqbCLinB4,57,2023-01-05,2023-01-05 20:43:56
56,SEdAFDl_2g4,https://youtu.be/SEdAFDl_2g4,58,2023-01-05,2023-01-05 20:43:56
57,AwGsSvOwqd8,https://youtu.be/AwGsSvOwqd8,59,2023-01-05,2023-01-05 20:43:56
58,dlkG7LQJjY0,https://youtu.be/dlkG7LQJjY0,61,2023-01-05,2023-01-05 20:43:56
59,qJ3I03PuWxs,https://youtu.be/qJ3I03PuWxs,62,2023-01-05,2023-01-05 20:43:56
60,CAPfNrxklig,https://youtu.be/CAPfNrxklig,63,2023-01-05,2023-01-05 20:43:56
61,YxkIq8kdjQU,https://youtu.be/YxkIq8kdjQU,65,2023-01-05,2023-01-05 20:43:56
62,2OhPw-aib6E,https://youtu.be/2OhPw-aib6E,66,2023-01-05,2023-01-05 20:43:56
63,n_DtpY9wbGg,https://youtu.be/n_DtpY9wbGg,67,2023-01-05,2023-01-05 20:43:56
64,skO_bVXMWzU,https://youtu.be/skO_bVXMWzU,68,2023-01-05,2023-01-05 20:43:56
65,EOWP5Y7eErE,https://youtu.be/EOWP5Y7eErE,70,2023-01-05,2023-01-05 20:43:56
66,5Z5xKSDQy5w,https://youtu.be/5Z5xKSDQy5w,72,2023-01-05,2023-01-05 20:43:56
67,p35FvoNb1gc,https://youtu.be/p35FvoNb1gc,73,2023-01-05,2023-01-05 20:43:56
68,EwAcsFa88aY,https://youtu.be/EwAcsFa88aY,74,2023-01-05,2023-01-05 20:43:56
69,3tApQl8ZTYU,https://youtu.be/3tApQl8ZTYU,75,2023-01-05,2023-01-05 20:43:56
70,EDjJ-tMLXSI,https://youtu.be/EDjJ-tMLXSI,76,2023-01-05,2023-01-05 20:43:56
71,FtzRP0fycII,https://youtu.be/FtzRP0fycII,77,2023-01-05,2023-01-05 20:43:56
72,_ZAgIHmHLdc,https://youtu.be/_ZAgIHmHLdc,78,2023-01-05,2023-01-05 20:43:56
73,5Ax6c7BaxDc,https://youtu.be/5Ax6c7BaxDc,79,2023-01-05,2023-01-05 20:43:56
74,j27vC2ByxBE,https://youtu.be/j27vC2ByxBE,80,2023-01-05,2023-01-05 20:43:56
75,KivZieyf3b0,https://youtu.be/KivZieyf3b0,81,2023-01-05,2023-01-05 20:43:56
76,rFuFLGsC8Kw,https://youtu.be/rFuFLGsC8Kw,82,2023-01-05,2023-01-05 20:43:56
77,PpznJj8ZXMY,https://youtu.be/PpznJj8ZXMY,83,2023-01-05,2023-01-05 20:43:56
78,YxWlaYCA8MU,https://youtu.be/YxWlaYCA8MU,84,2023-01-05,2023-01-05 20:43:56
79,tI3XBVrglEY,https://youtu.be/tI3XBVrglEY,85,2023-01-05,2023-01-05 20:43:56
80,SszP3hlQ55Y,https://youtu.be/SszP3hlQ55Y,86,2023-01-05,2023-01-05 20:43:56
81,OHL9uYzLEJ0,https://youtu.be/OHL9uYzLEJ0,87,2023-01-05,2023-01-05 20:43:56
82,BqucGvLxrEk,https://youtu.be/BqucGvLxrEk,88,2023-01-05,2023-01-05 20:43:56
83,YuAljYjzlhs,https://youtu.be/YuAljYjzlhs,89,2023-01-05,2023-01-05 20:43:56
84,_3Wah0P7uBM,https://youtu.be/_3Wah0P7uBM,90,2023-01-05,2023-01-05 20:43:56
85,UYBFMfWWBC8,https://youtu.be/UYBFMfWWBC8,92,2023-01-05,2023-01-05 20:43:56
86,p6jXi7wDFIY,https://youtu.be/p6jXi7wDFIY,93,2023-01-05,2023-01-05 20:43:56
87,tUCT82t1Y8Q,https://youtu.be/tUCT82t1Y8Q,94,2023-01-05,2023-01-05 20:43:56
88,SakPgFUP7s8,https://youtu.be/SakPgFUP7s8,95,2023-01-05,2023-01-05 20:43:56
89,3vhPraFZxCc,https://youtu.be/3vhPraFZxCc,97,2023-01-05,2023-01-05 20:43:56
0,lSGehDdlZhk,https://youtu.be/lSGehDdlZhk,1,2023-01-06,2023-01-06 19:32:48
1,atKKBqvgdh4,https://youtu.be/atKKBqvgdh4,2,2023-01-06,2023-01-06 19:32:48
2,La8chIX0Xe4,https://youtu.be/La8chIX0Xe4,3,2023-01-06,2023-01-06 19:32:48
3,xBAWB0ArQ1U,https://youtu.be/xBAWB0ArQ1U,4,2023-01-06,2023-01-06 19:32:48
4,rjQAZb4wM7c,https://youtu.be/rjQAZb4wM7c,5,2023-01-06,2023-01-06 19:32:48
5,X1UQb4brmUs,https://youtu.be/X1UQb4brmUs,6,2023-01-06,2023-01-06 19:32:48
6,hSc_ZPgyTGw,https://youtu.be/hSc_ZPgyTGw,7,2023-01-06,2023-01-06 19:32:48
7,2BChrJGrEKk,https://youtu.be/2BChrJGrEKk,8,2023-01-06,2023-01-06 19:32:48
8,TjJZNdLSexU,https://youtu.be/TjJZNdLSexU,9,2023-01-06,2023-01-06 19:32:48
9,NigrQ9UcJy4,https://youtu.be/NigrQ9UcJy4,10,2023-01-06,2023-01-06 19:32:48
10,KyFmEJYZ-tU,https://youtu.be/KyFmEJYZ-tU,11,2023-01-06,2023-01-06 19:32:48
11,2bduqeTmJHI,https://youtu.be/2bduqeTmJHI,12,2023-01-06,2023-01-06 19:32:48
12,kEnh_5z4I7w,https://youtu.be/kEnh_5z4I7w,13,2023-01-06,2023-01-06 19:32:48
13,1fJ3Yc6ELvg,https://youtu.be/1fJ3Yc6ELvg,14,2023-01-06,2023-01-06 19:32:48
14,aEnLP0hif-0,https://youtu.be/aEnLP0hif-0,15,2023-01-06,2023-01-06 19:32:48
15,6LmO6rmDW08,https://youtu.be/6LmO6rmDW08,16,2023-01-06,2023-01-06 19:32:48
16,88kd9tVwkH8,https://youtu.be/88kd9tVwkH8,17,2023-01-06,2023-01-06 19:32:48
17,_uS8QRe2qfE,https://youtu.be/_uS8QRe2qfE,18,2023-01-06,2023-01-06 19:32:48
18,pGFYMPV4F7Y,https://youtu.be/pGFYMPV4F7Y,19,2023-01-06,2023-01-06 19:32:48
19,kIW_uRe4FE4,https://youtu.be/kIW_uRe4FE4,20,2023-01-06,2023-01-06 19:32:48
20,rukdRCULhZg,https://youtu.be/rukdRCULhZg,21,2023-01-06,2023-01-06 19:32:48
21,2F1BTSxDbqE,https://youtu.be/2F1BTSxDbqE,22,2023-01-06,2023-01-06 19:32:48
22,XfuMEmcz3k0,https://youtu.be/XfuMEmcz3k0,23,2023-01-06,2023-01-06 19:32:48
23,1m1AKroxtCg,https://youtu.be/1m1AKroxtCg,24,2023-01-06,2023-01-06 19:32:48
24,ElgKinpsqYI,https://youtu.be/ElgKinpsqYI,25,2023-01-06,2023-01-06 19:32:48
25,P-0rqWSknE0,https://youtu.be/P-0rqWSknE0,26,2023-01-06,2023-01-06 19:32:48
26,hWtofbHt97Q,https://youtu.be/hWtofbHt97Q,27,2023-01-06,2023-01-06 19:32:48
27,wJNbtYdr-Hg,https://youtu.be/wJNbtYdr-Hg,28,2023-01-06,2023-01-06 19:32:48
28,1Qj9qOPtld8,https://youtu.be/1Qj9qOPtld8,29,2023-01-06,2023-01-06 19:32:48
29,R3kAJZ6mE2M,https://youtu.be/R3kAJZ6mE2M,30,2023-01-06,2023-01-06 19:32:48
30,GpJuBZ14WMc,https://youtu.be/GpJuBZ14WMc,31,2023-01-06,2023-01-06 19:32:48
31,nG-rNHgFxhs,https://youtu.be/nG-rNHgFxhs,32,2023-01-06,2023-01-06 19:32:48
32,JP8KxyER6zs,https://youtu.be/JP8KxyER6zs,33,2023-01-06,2023-01-06 19:32:48
33,12CM4IN0eVY,https://youtu.be/12CM4IN0eVY,34,2023-01-06,2023-01-06 19:32:48
34,fKRJefJ6a6g,https://youtu.be/fKRJefJ6a6g,35,2023-01-06,2023-01-06 19:32:48
35,FSv8BbHbdZk,https://youtu.be/FSv8BbHbdZk,36,2023-01-06,2023-01-06 19:32:48
36,AcL6bRdbO-4,https://youtu.be/AcL6bRdbO-4,37,2023-01-06,2023-01-06 19:32:48
37,Y6AKhe1qzyM,https://youtu.be/Y6AKhe1qzyM,38,2023-01-06,2023-01-06 19:32:48
38,XJUq7Od1sFM,https://youtu.be/XJUq7Od1sFM,39,2023-01-06,2023-01-06 19:32:48
39,ExxkvCSHKdc,https://youtu.be/ExxkvCSHKdc,40,2023-01-06,2023-01-06 19:32:48
40,C8FRgGjvDcY,https://youtu.be/C8FRgGjvDcY,41,2023-01-06,2023-01-06 19:32:48
41,6toXVLt4laA,https://youtu.be/6toXVLt4laA,42,2023-01-06,2023-01-06 19:32:48
42,Lf42JjhkTd8,https://youtu.be/Lf42JjhkTd8,43,2023-01-06,2023-01-06 19:32:48
43,Y2ZhpfZgfCM,https://youtu.be/Y2ZhpfZgfCM,44,2023-01-06,2023-01-06 19:32:48
44,Hn4AGj_aRo4,https://youtu.be/Hn4AGj_aRo4,45,2023-01-06,2023-01-06 19:32:48
45,_vn4fkqtWiA,https://youtu.be/_vn4fkqtWiA,46,2023-01-06,2023-01-06 19:32:48
46,LA_v8Ohd6tY,https://youtu.be/LA_v8Ohd6tY,47,2023-01-06,2023-01-06 19:32:48
47,uvUmVAvnemM,https://youtu.be/uvUmVAvnemM,48,2023-01-06,2023-01-06 19:32:48
48,rnWoEOdq2ic,https://youtu.be/rnWoEOdq2ic,49,2023-01-06,2023-01-06 19:32:48
49,knyDVKBS0gM,https://youtu.be/knyDVKBS0gM,50,2023-01-06,2023-01-06 19:32:48
50,BDe0Xm3Eac4,https://youtu.be/BDe0Xm3Eac4,51,2023-01-06,2023-01-06 19:32:48
51,exuPRq0gJR4,https://youtu.be/exuPRq0gJR4,52,2023-01-06,2023-01-06 19:32:48
52,EYB7NOSY-hI,https://youtu.be/EYB7NOSY-hI,53,2023-01-06,2023-01-06 19:32:48
53,j07lzHEHTDE,https://youtu.be/j07lzHEHTDE,54,2023-01-06,2023-01-06 19:32:48
54,OSztZu__b6I,https://youtu.be/OSztZu__b6I,55,2023-01-06,2023-01-06 19:32:48
55,2FcDNi1HkfI,https://youtu.be/2FcDNi1HkfI,56,2023-01-06,2023-01-06 19:32:48
56,RvYkeTmM1gc,https://youtu.be/RvYkeTmM1gc,57,2023-01-06,2023-01-06 19:32:48
57,66hWntvp0_4,https://youtu.be/66hWntvp0_4,59,2023-01-06,2023-01-06 19:32:48
58,7IKab3HcfFk,https://youtu.be/7IKab3HcfFk,60,2023-01-06,2023-01-06 19:32:48
59,w6eqbCLinB4,https://youtu.be/w6eqbCLinB4,62,2023-01-06,2023-01-06 19:32:48
60,nNh26gSbSB8,https://youtu.be/nNh26gSbSB8,64,2023-01-06,2023-01-06 19:32:48
61,AwGsSvOwqd8,https://youtu.be/AwGsSvOwqd8,65,2023-01-06,2023-01-06 19:32:48
62,sZPmrnAiPd8,https://youtu.be/sZPmrnAiPd8,66,2023-01-06,2023-01-06 19:32:48
63,SEdAFDl_2g4,https://youtu.be/SEdAFDl_2g4,68,2023-01-06,2023-01-06 19:32:48
64,qJ3I03PuWxs,https://youtu.be/qJ3I03PuWxs,71,2023-01-06,2023-01-06 19:32:48
65,AzXSBDtd2RE,https://youtu.be/AzXSBDtd2RE,72,2023-01-06,2023-01-06 19:32:48
66,CAPfNrxklig,https://youtu.be/CAPfNrxklig,73,2023-01-06,2023-01-06 19:32:48
67,aUcijnAksAI,https://youtu.be/aUcijnAksAI,76,2023-01-06,2023-01-06 19:32:48
68,n_DtpY9wbGg,https://youtu.be/n_DtpY9wbGg,77,2023-01-06,2023-01-06 19:32:48
69,YxkIq8kdjQU,https://youtu.be/YxkIq8kdjQU,78,2023-01-06,2023-01-06 19:32:48
70,2OhPw-aib6E,https://youtu.be/2OhPw-aib6E,80,2023-01-06,2023-01-06 19:32:48
71,EOWP5Y7eErE,https://youtu.be/EOWP5Y7eErE,81,2023-01-06,2023-01-06 19:32:48
72,dlkG7LQJjY0,https://youtu.be/dlkG7LQJjY0,82,2023-01-06,2023-01-06 19:32:48
73,skO_bVXMWzU,https://youtu.be/skO_bVXMWzU,83,2023-01-06,2023-01-06 19:32:48
74,EDjJ-tMLXSI,https://youtu.be/EDjJ-tMLXSI,84,2023-01-06,2023-01-06 19:32:48
75,5Z5xKSDQy5w,https://youtu.be/5Z5xKSDQy5w,86,2023-01-06,2023-01-06 19:32:48
76,p35FvoNb1gc,https://youtu.be/p35FvoNb1gc,87,2023-01-06,2023-01-06 19:32:48
77,EwAcsFa88aY,https://youtu.be/EwAcsFa88aY,88,2023-01-06,2023-01-06 19:32:48
78,3tApQl8ZTYU,https://youtu.be/3tApQl8ZTYU,91,2023-01-06,2023-01-06 19:32:48
79,_ZAgIHmHLdc,https://youtu.be/_ZAgIHmHLdc,92,2023-01-06,2023-01-06 19:32:48
80,FtzRP0fycII,https://youtu.be/FtzRP0fycII,94,2023-01-06,2023-01-06 19:32:48
81,4jVazlBDJtg,https://youtu.be/4jVazlBDJtg,95,2023-01-06,2023-01-06 19:32:48
82,S1ABZywPONY,https://youtu.be/S1ABZywPONY,96,2023-01-06,2023-01-06 19:32:48
83,5Ax6c7BaxDc,https://youtu.be/5Ax6c7BaxDc,97,2023-01-06,2023-01-06 19:32:48
84,j27vC2ByxBE,https://youtu.be/j27vC2ByxBE,99,2023-01-06,2023-01-06 19:32:48
85,KivZieyf3b0,https://youtu.be/KivZieyf3b0,100,2023-01-06,2023-01-06 19:32:48
86,tI3XBVrglEY,https://youtu.be/tI3XBVrglEY,103,2023-01-06,2023-01-06 19:32:48
0,nTOJpJcPOeM,https://youtu.be/nTOJpJcPOeM,1,2023-01-07,2023-01-07 20:25:25
1,j_MuZmJNirw,https://youtu.be/j_MuZmJNirw,2,2023-01-07,2023-01-07 20:25:25
2,10F9lovnyW0,https://youtu.be/10F9lovnyW0,3,2023-01-07,2023-01-07 20:25:25
3,PzngfNrQXpk,https://youtu.be/PzngfNrQXpk,4,2023-01-07,2023-01-07 20:25:25
4,GcJtQQgNAQ8,https://youtu.be/GcJtQQgNAQ8,5,2023-01-07,2023-01-07 20:25:25
5,DOf4fVchORc,https://youtu.be/DOf4fVchORc,6,2023-01-07,2023-01-07 20:25:25
6,hSc_ZPgyTGw,https://youtu.be/hSc_ZPgyTGw,7,2023-01-07,2023-01-07 20:25:25
7,TjJZNdLSexU,https://youtu.be/TjJZNdLSexU,8,2023-01-07,2023-01-07 20:25:25
8,TK_wVlYAa-8,https://youtu.be/TK_wVlYAa-8,9,2023-01-07,2023-01-07 20:25:25
9,2BChrJGrEKk,https://youtu.be/2BChrJGrEKk,10,2023-01-07,2023-01-07 20:25:25
10,X1UQb4brmUs,https://youtu.be/X1UQb4brmUs,11,2023-01-07,2023-01-07 20:25:25
11,ZvC_hNT-LgU,https://youtu.be/ZvC_hNT-LgU,12,2023-01-07,2023-01-07 20:25:25
12,EwYEg2_G3hw,https://youtu.be/EwYEg2_G3hw,13,2023-01-07,2023-01-07 20:25:25
13,6aCm7-G1v7I,https://youtu.be/6aCm7-G1v7I,14,2023-01-07,2023-01-07 20:25:25
14,O2VuLChg6Nw,https://youtu.be/O2VuLChg6Nw,15,2023-01-07,2023-01-07 20:25:25
15,NigrQ9UcJy4,https://youtu.be/NigrQ9UcJy4,16,2023-01-07,2023-01-07 20:25:25
16,MRrvfInQ6EA,https://youtu.be/MRrvfInQ6EA,17,2023-01-07,2023-01-07 20:25:25
17,uhPPttviktc,https://youtu.be/uhPPttviktc,18,2023-01-07,2023-01-07 20:25:25
18,Dp9XYnoEAMA,https://youtu.be/Dp9XYnoEAMA,19,2023-01-07,2023-01-07 20:25:25
19,ilksTfRzugQ,https://youtu.be/ilksTfRzugQ,20,2023-01-07,2023-01-07 20:25:25
20,ElgKinpsqYI,https://youtu.be/ElgKinpsqYI,21,2023-01-07,2023-01-07 20:25:25
21,kn8NJs4tcbI,https://youtu.be/kn8NJs4tcbI,22,2023-01-07,2023-01-07 20:25:25
22,kIW_uRe4FE4,https://youtu.be/kIW_uRe4FE4,23,2023-01-07,2023-01-07 20:25:25
23,KyFmEJYZ-tU,https://youtu.be/KyFmEJYZ-tU,24,2023-01-07,2023-01-07 20:25:25
24,hbmC4XTHjM4,https://youtu.be/hbmC4XTHjM4,25,2023-01-07,2023-01-07 20:25:25
25,HB-6XZyo6XM,https://youtu.be/HB-6XZyo6XM,26,2023-01-07,2023-01-07 20:25:25
26,FiEuMkRNQ7A,https://youtu.be/FiEuMkRNQ7A,27,2023-01-07,2023-01-07 20:25:25
27,kEnh_5z4I7w,https://youtu.be/kEnh_5z4I7w,28,2023-01-07,2023-01-07 20:25:25
28,QbQk_7sFec4,https://youtu.be/QbQk_7sFec4,29,2023-01-07,2023-01-07 20:25:25
29,88kd9tVwkH8,https://youtu.be/88kd9tVwkH8,30,2023-01-07,2023-01-07 20:25:25
30,6LmO6rmDW08,https://youtu.be/6LmO6rmDW08,31,2023-01-07,2023-01-07 20:25:25
31,aEnLP0hif-0,https://youtu.be/aEnLP0hif-0,32,2023-01-07,2023-01-07 20:25:25
32,1fJ3Yc6ELvg,https://youtu.be/1fJ3Yc6ELvg,33,2023-01-07,2023-01-07 20:25:25
33,wJNbtYdr-Hg,https://youtu.be/wJNbtYdr-Hg,34,2023-01-07,2023-01-07 20:25:25
34,P-0rqWSknE0,https://youtu.be/P-0rqWSknE0,35,2023-01-07,2023-01-07 20:25:25
35,_uS8QRe2qfE,https://youtu.be/_uS8QRe2qfE,36,2023-01-07,2023-01-07 20:25:25
36,rukdRCULhZg,https://youtu.be/rukdRCULhZg,37,2023-01-07,2023-01-07 20:25:25
37,pGFYMPV4F7Y,https://youtu.be/pGFYMPV4F7Y,38,2023-01-07,2023-01-07 20:25:25
38,XfuMEmcz3k0,https://youtu.be/XfuMEmcz3k0,39,2023-01-07,2023-01-07 20:25:25
39,2F1BTSxDbqE,https://youtu.be/2F1BTSxDbqE,40,2023-01-07,2023-01-07 20:25:25
40,1Qj9qOPtld8,https://youtu.be/1Qj9qOPtld8,41,2023-01-07,2023-01-07 20:25:25
41,hWtofbHt97Q,https://youtu.be/hWtofbHt97Q,42,2023-01-07,2023-01-07 20:25:25
42,2bduqeTmJHI,https://youtu.be/2bduqeTmJHI,43,2023-01-07,2023-01-07 20:25:25
43,fKRJefJ6a6g,https://youtu.be/fKRJefJ6a6g,44,2023-01-07,2023-01-07 20:25:25
44,R3kAJZ6mE2M,https://youtu.be/R3kAJZ6mE2M,45,2023-01-07,2023-01-07 20:25:25
45,GpJuBZ14WMc,https://youtu.be/GpJuBZ14WMc,46,2023-01-07,2023-01-07 20:25:25
46,nG-rNHgFxhs,https://youtu.be/nG-rNHgFxhs,47,2023-01-07,2023-01-07 20:25:25
47,JP8KxyER6zs,https://youtu.be/JP8KxyER6zs,48,2023-01-07,2023-01-07 20:25:25
48,12CM4IN0eVY,https://youtu.be/12CM4IN0eVY,49,2023-01-07,2023-01-07 20:25:25
49,uvUmVAvnemM,https://youtu.be/uvUmVAvnemM,50,2023-01-07,2023-01-07 20:25:25
50,2FcDNi1HkfI,https://youtu.be/2FcDNi1HkfI,51,2023-01-07,2023-01-07 20:25:25
51,AcL6bRdbO-4,https://youtu.be/AcL6bRdbO-4,52,2023-01-07,2023-01-07 20:25:25
52,RvYkeTmM1gc,https://youtu.be/RvYkeTmM1gc,53,2023-01-07,2023-01-07 20:25:25
53,knyDVKBS0gM,https://youtu.be/knyDVKBS0gM,54,2023-01-07,2023-01-07 20:25:25
54,66hWntvp0_4,https://youtu.be/66hWntvp0_4,57,2023-01-07,2023-01-07 20:25:25
55,7IKab3HcfFk,https://youtu.be/7IKab3HcfFk,62,2023-01-07,2023-01-07 20:25:25
56,AwGsSvOwqd8,https://youtu.be/AwGsSvOwqd8,64,2023-01-07,2023-01-07 20:25:25
57,w6eqbCLinB4,https://youtu.be/w6eqbCLinB4,65,2023-01-07,2023-01-07 20:25:25
58,SEdAFDl_2g4,https://youtu.be/SEdAFDl_2g4,66,2023-01-07,2023-01-07 20:25:25
59,sZPmrnAiPd8,https://youtu.be/sZPmrnAiPd8,67,2023-01-07,2023-01-07 20:25:25
60,nNh26gSbSB8,https://youtu.be/nNh26gSbSB8,68,2023-01-07,2023-01-07 20:25:25
61,AzXSBDtd2RE,https://youtu.be/AzXSBDtd2RE,71,2023-01-07,2023-01-07 20:25:25
62,EYB7NOSY-hI,https://youtu.be/EYB7NOSY-hI,72,2023-01-07,2023-01-07 20:25:25
63,4jVazlBDJtg,https://youtu.be/4jVazlBDJtg,74,2023-01-07,2023-01-07 20:25:25
64,CAPfNrxklig,https://youtu.be/CAPfNrxklig,75,2023-01-07,2023-01-07 20:25:25
65,qJ3I03PuWxs,https://youtu.be/qJ3I03PuWxs,77,2023-01-07,2023-01-07 20:25:25
66,S1ABZywPONY,https://youtu.be/S1ABZywPONY,78,2023-01-07,2023-01-07 20:25:25
67,n_DtpY9wbGg,https://youtu.be/n_DtpY9wbGg,80,2023-01-07,2023-01-07 20:25:25
68,aUcijnAksAI,https://youtu.be/aUcijnAksAI,82,2023-01-07,2023-01-07 20:25:25
69,EOWP5Y7eErE,https://youtu.be/EOWP5Y7eErE,83,2023-01-07,2023-01-07 20:25:25
70,YxkIq8kdjQU,https://youtu.be/YxkIq8kdjQU,84,2023-01-07,2023-01-07 20:25:25
71,EDjJ-tMLXSI,https://youtu.be/EDjJ-tMLXSI,85,2023-01-07,2023-01-07 20:25:25
72,2OhPw-aib6E,https://youtu.be/2OhPw-aib6E,86,2023-01-07,2023-01-07 20:25:25
73,ExxkvCSHKdc,https://youtu.be/ExxkvCSHKdc,87,2023-01-07,2023-01-07 20:25:25
74,skO_bVXMWzU,https://youtu.be/skO_bVXMWzU,89,2023-01-07,2023-01-07 20:25:25
75,5Z5xKSDQy5w,https://youtu.be/5Z5xKSDQy5w,90,2023-01-07,2023-01-07 20:25:25
76,dlkG7LQJjY0,https://youtu.be/dlkG7LQJjY0,91,2023-01-07,2023-01-07 20:25:25
77,_ZAgIHmHLdc,https://youtu.be/_ZAgIHmHLdc,92,2023-01-07,2023-01-07 20:25:25
78,p35FvoNb1gc,https://youtu.be/p35FvoNb1gc,93,2023-01-07,2023-01-07 20:25:25
79,EwAcsFa88aY,https://youtu.be/EwAcsFa88aY,94,2023-01-07,2023-01-07 20:25:25
80,3tApQl8ZTYU,https://youtu.be/3tApQl8ZTYU,95,2023-01-07,2023-01-07 20:25:25
81,7z25ZZ3DHds,https://youtu.be/7z25ZZ3DHds,96,2023-01-07,2023-01-07 20:25:25
82,FtzRP0fycII,https://youtu.be/FtzRP0fycII,97,2023-01-07,2023-01-07 20:25:25
83,KQqMUjMlKGo,https://youtu.be/KQqMUjMlKGo,98,2023-01-07,2023-01-07 20:25:25
84,j27vC2ByxBE,https://youtu.be/j27vC2ByxBE,99,2023-01-07,2023-01-07 20:25:25
0,fFrwFXqqTZ0,https://youtu.be/fFrwFXqqTZ0,1,2023-01-08,2023-01-08 20:56:43
1,xwyW3UyaqaM,https://youtu.be/xwyW3UyaqaM,2,2023-01-08,2023-01-08 20:56:43
2,KSQWkAmnTWo,https://youtu.be/KSQWkAmnTWo,3,2023-01-08,2023-01-08 20:56:43
3,nTOJpJcPOeM,https://youtu.be/nTOJpJcPOeM,4,2023-01-08,2023-01-08 20:56:43
4,DFP5LE7vVsQ,https://youtu.be/DFP5LE7vVsQ,5,2023-01-08,2023-01-08 20:56:43
5,nHAAMOlOuwM,https://youtu.be/nHAAMOlOuwM,6,2023-01-08,2023-01-08 20:56:43
6,LSb3UazG2Ek,https://youtu.be/LSb3UazG2Ek,7,2023-01-08,2023-01-08 20:56:43
7,R1yMHv5Rchc,https://youtu.be/R1yMHv5Rchc,8,2023-01-08,2023-01-08 20:56:43
8,qmixOlT_vA8,https://youtu.be/qmixOlT_vA8,9,2023-01-08,2023-01-08 20:56:43
9,1XqIWr_WqM4,https://youtu.be/1XqIWr_WqM4,10,2023-01-08,2023-01-08 20:56:43
10,kHg1Mg151Nk,https://youtu.be/kHg1Mg151Nk,11,2023-01-08,2023-01-08 20:56:43
11,ylKUA-RfDm0,https://youtu.be/ylKUA-RfDm0,12,2023-01-08,2023-01-08 20:56:43
12,cs0fW2Or0R0,https://youtu.be/cs0fW2Or0R0,13,2023-01-08,2023-01-08 20:56:43
13,Hiq2s5p84Eg,https://youtu.be/Hiq2s5p84Eg,14,2023-01-08,2023-01-08 20:56:43
14,j_MuZmJNirw,https://youtu.be/j_MuZmJNirw,15,2023-01-08,2023-01-08 20:56:43
15,10F9lovnyW0,https://youtu.be/10F9lovnyW0,16,2023-01-08,2023-01-08 20:56:43
16,PloGsi0PnPw,https://youtu.be/PloGsi0PnPw,17,2023-01-08,2023-01-08 20:56:43
17,PyyHzsW7MzA,https://youtu.be/PyyHzsW7MzA,18,2023-01-08,2023-01-08 20:56:43
18,frUKatfcp7Y,https://youtu.be/frUKatfcp7Y,19,2023-01-08,2023-01-08 20:56:43
19,15dmXbzUcjI,https://youtu.be/15dmXbzUcjI,20,2023-01-08,2023-01-08 20:56:43
20,FCD83cHdZ_E,https://youtu.be/FCD83cHdZ_E,21,2023-01-08,2023-01-08 20:56:43
21,o6rq1aOaPN8,https://youtu.be/o6rq1aOaPN8,22,2023-01-08,2023-01-08 20:56:43
22,JvLVMVTT2OA,https://youtu.be/JvLVMVTT2OA,23,2023-01-08,2023-01-08 20:56:43
23,jlYeNheDDfM,https://youtu.be/jlYeNheDDfM,24,2023-01-08,2023-01-08 20:56:43
24,rGDo8SPidB8,https://youtu.be/rGDo8SPidB8,25,2023-01-08,2023-01-08 20:56:43
25,PzngfNrQXpk,https://youtu.be/PzngfNrQXpk,26,2023-01-08,2023-01-08 20:56:43
26,90iydI_4DoY,https://youtu.be/90iydI_4DoY,27,2023-01-08,2023-01-08 20:56:43
27,JUdlh_f87-o,https://youtu.be/JUdlh_f87-o,28,2023-01-08,2023-01-08 20:56:43
28,H0gYgu2sin0,https://youtu.be/H0gYgu2sin0,29,2023-01-08,2023-01-08 20:56:43
29,GcJtQQgNAQ8,https://youtu.be/GcJtQQgNAQ8,30,2023-01-08,2023-01-08 20:56:43
30,EwYEg2_G3hw,https://youtu.be/EwYEg2_G3hw,31,2023-01-08,2023-01-08 20:56:43
31,hSc_ZPgyTGw,https://youtu.be/hSc_ZPgyTGw,32,2023-01-08,2023-01-08 20:56:43
32,TjJZNdLSexU,https://youtu.be/TjJZNdLSexU,33,2023-01-08,2023-01-08 20:56:43
33,DOf4fVchORc,https://youtu.be/DOf4fVchORc,34,2023-01-08,2023-01-08 20:56:43
34,O2VuLChg6Nw,https://youtu.be/O2VuLChg6Nw,35,2023-01-08,2023-01-08 20:56:43
35,2BChrJGrEKk,https://youtu.be/2BChrJGrEKk,36,2023-01-08,2023-01-08 20:56:43
36,6aCm7-G1v7I,https://youtu.be/6aCm7-G1v7I,37,2023-01-08,2023-01-08 20:56:43
37,TK_wVlYAa-8,https://youtu.be/TK_wVlYAa-8,38,2023-01-08,2023-01-08 20:56:43
38,X1UQb4brmUs,https://youtu.be/X1UQb4brmUs,39,2023-01-08,2023-01-08 20:56:43
39,NigrQ9UcJy4,https://youtu.be/NigrQ9UcJy4,40,2023-01-08,2023-01-08 20:56:43
40,MRrvfInQ6EA,https://youtu.be/MRrvfInQ6EA,41,2023-01-08,2023-01-08 20:56:43
41,ElgKinpsqYI,https://youtu.be/ElgKinpsqYI,42,2023-01-08,2023-01-08 20:56:43
42,ZvC_hNT-LgU,https://youtu.be/ZvC_hNT-LgU,43,2023-01-08,2023-01-08 20:56:43
43,ilksTfRzugQ,https://youtu.be/ilksTfRzugQ,44,2023-01-08,2023-01-08 20:56:43
44,uhPPttviktc,https://youtu.be/uhPPttviktc,45,2023-01-08,2023-01-08 20:56:43
45,hbmC4XTHjM4,https://youtu.be/hbmC4XTHjM4,46,2023-01-08,2023-01-08 20:56:43
46,kn8NJs4tcbI,https://youtu.be/kn8NJs4tcbI,47,2023-01-08,2023-01-08 20:56:43
47,kIW_uRe4FE4,https://youtu.be/kIW_uRe4FE4,48,2023-01-08,2023-01-08 20:56:43
48,Dp9XYnoEAMA,https://youtu.be/Dp9XYnoEAMA,49,2023-01-08,2023-01-08 20:56:43
49,HB-6XZyo6XM,https://youtu.be/HB-6XZyo6XM,50,2023-01-08,2023-01-08 20:56:43
50,2FcDNi1HkfI,https://youtu.be/2FcDNi1HkfI,51,2023-01-08,2023-01-08 20:56:43
51,AcL6bRdbO-4,https://youtu.be/AcL6bRdbO-4,52,2023-01-08,2023-01-08 20:56:43
52,RvYkeTmM1gc,https://youtu.be/RvYkeTmM1gc,53,2023-01-08,2023-01-08 20:56:43
53,knyDVKBS0gM,https://youtu.be/knyDVKBS0gM,57,2023-01-08,2023-01-08 20:56:43
54,2F1BTSxDbqE,https://youtu.be/2F1BTSxDbqE,58,2023-01-08,2023-01-08 20:56:43
55,66hWntvp0_4,https://youtu.be/66hWntvp0_4,60,2023-01-08,2023-01-08 20:56:43
56,_uS8QRe2qfE,https://youtu.be/_uS8QRe2qfE,62,2023-01-08,2023-01-08 20:56:43
57,AwGsSvOwqd8,https://youtu.be/AwGsSvOwqd8,66,2023-01-08,2023-01-08 20:56:43
58,7IKab3HcfFk,https://youtu.be/7IKab3HcfFk,68,2023-01-08,2023-01-08 20:56:43
59,SEdAFDl_2g4,https://youtu.be/SEdAFDl_2g4,69,2023-01-08,2023-01-08 20:56:43
60,w6eqbCLinB4,https://youtu.be/w6eqbCLinB4,70,2023-01-08,2023-01-08 20:56:43
61,KyFmEJYZ-tU,https://youtu.be/KyFmEJYZ-tU,71,2023-01-08,2023-01-08 20:56:43
62,4jVazlBDJtg,https://youtu.be/4jVazlBDJtg,72,2023-01-08,2023-01-08 20:56:43
63,sZPmrnAiPd8,https://youtu.be/sZPmrnAiPd8,73,2023-01-08,2023-01-08 20:56:43
64,EYB7NOSY-hI,https://youtu.be/EYB7NOSY-hI,75,2023-01-08,2023-01-08 20:56:43
65,AzXSBDtd2RE,https://youtu.be/AzXSBDtd2RE,76,2023-01-08,2023-01-08 20:56:43
66,aEnLP0hif-0,https://youtu.be/aEnLP0hif-0,77,2023-01-08,2023-01-08 20:56:43
67,nNh26gSbSB8,https://youtu.be/nNh26gSbSB8,78,2023-01-08,2023-01-08 20:56:43
68,2bduqeTmJHI,https://youtu.be/2bduqeTmJHI,79,2023-01-08,2023-01-08 20:56:43
69,kEnh_5z4I7w,https://youtu.be/kEnh_5z4I7w,80,2023-01-08,2023-01-08 20:56:43
70,6LmO6rmDW08,https://youtu.be/6LmO6rmDW08,81,2023-01-08,2023-01-08 20:56:43
71,CAPfNrxklig,https://youtu.be/CAPfNrxklig,83,2023-01-08,2023-01-08 20:56:43
72,qJ3I03PuWxs,https://youtu.be/qJ3I03PuWxs,84,2023-01-08,2023-01-08 20:56:43
73,n_DtpY9wbGg,https://youtu.be/n_DtpY9wbGg,86,2023-01-08,2023-01-08 20:56:43
74,ExxkvCSHKdc,https://youtu.be/ExxkvCSHKdc,87,2023-01-08,2023-01-08 20:56:43
75,EDjJ-tMLXSI,https://youtu.be/EDjJ-tMLXSI,88,2023-01-08,2023-01-08 20:56:43
76,EOWP5Y7eErE,https://youtu.be/EOWP5Y7eErE,90,2023-01-08,2023-01-08 20:56:43
77,1fJ3Yc6ELvg,https://youtu.be/1fJ3Yc6ELvg,91,2023-01-08,2023-01-08 20:56:43
78,YxkIq8kdjQU,https://youtu.be/YxkIq8kdjQU,92,2023-01-08,2023-01-08 20:56:43
79,2OhPw-aib6E,https://youtu.be/2OhPw-aib6E,93,2023-01-08,2023-01-08 20:56:43
80,aUcijnAksAI,https://youtu.be/aUcijnAksAI,94,2023-01-08,2023-01-08 20:56:43
81,7z25ZZ3DHds,https://youtu.be/7z25ZZ3DHds,95,2023-01-08,2023-01-08 20:56:43
82,5Z5xKSDQy5w,https://youtu.be/5Z5xKSDQy5w,97,2023-01-08,2023-01-08 20:56:43
